{
    "accuracy": 0.8739473684210526,
    "macro_f1": 0.873906189963953,
    "confusion_matrix": [
        [
            1681,
            68,
            71,
            80
        ],
        [
            66,
            1780,
            26,
            28
        ],
        [
            95,
            14,
            1531,
            260
        ],
        [
            69,
            27,
            154,
            1650
        ]
    ]
}