{
    "train_loss": [
        0.7560726551083027,
        0.39040521076787704,
        0.2949331445857812,
        0.23507541940675528,
        0.18699428382643027,
        0.1462735830148532,
        0.11126359274955157
    ],
    "val_loss": [
        0.49352356791496277,
        0.41095229983329773,
        0.3815559148788452,
        0.3778391182422638,
        0.3834798038005829,
        0.402904212474823,
        0.41866564750671387
    ],
    "stopped_epoch": 7
}