{
    "accuracy": 0.8478947368421053,
    "macro_f1": 0.8473165944207884,
    "confusion_matrix": [
        [
            1624,
            97,
            99,
            80
        ],
        [
            57,
            1781,
            21,
            41
        ],
        [
            104,
            42,
            1524,
            230
        ],
        [
            100,
            68,
            217,
            1515
        ]
    ]
}