{
    "accuracy": 0.8478947368421053,
    "macro_f1": 0.8473502336010327,
    "confusion_matrix": [
        [
            1624,
            95,
            99,
            82
        ],
        [
            56,
            1780,
            23,
            41
        ],
        [
            104,
            41,
            1525,
            230
        ],
        [
            100,
            67,
            218,
            1515
        ]
    ]
}