{
    "train_loss": [
        1.3869536632045185,
        1.3864515522644982,
        1.3867637498118865,
        1.3860070360780328,
        0.9904451597640864,
        0.3799712680880492,
        0.3023159303018267,
        0.2632827809283519,
        0.23281285191457984,
        0.20734005352543994,
        0.1841047089105534,
        0.16130017755791473
    ],
    "val_loss": [
        1.3866649866104126,
        1.3858730792999268,
        1.386022925376892,
        1.3857271671295166,
        0.49317389726638794,
        0.36899852752685547,
        0.34451237320899963,
        0.33684441447257996,
        0.32719603180885315,
        0.33082494139671326,
        0.34969469904899597,
        0.3637216091156006
    ],
    "stopped_epoch": 12
}