{
    "accuracy": 0.8917105263157895,
    "macro_f1": 0.8918367093804697,
    "confusion_matrix": [
        [
            1683,
            57,
            94,
            66
        ],
        [
            33,
            1812,
            37,
            18
        ],
        [
            66,
            17,
            1655,
            162
        ],
        [
            64,
            21,
            188,
            1627
        ]
    ]
}