{
    "accuracy": 0.8461842105263158,
    "macro_f1": 0.8455299445438209,
    "confusion_matrix": [
        [
            1606,
            105,
            109,
            80
        ],
        [
            51,
            1789,
            23,
            37
        ],
        [
            97,
            44,
            1524,
            235
        ],
        [
            98,
            76,
            214,
            1512
        ]
    ]
}