{
    "accuracy": 0.8465789473684211,
    "macro_f1": 0.8459269577943317,
    "confusion_matrix": [
        [
            1608,
            105,
            109,
            78
        ],
        [
            52,
            1789,
            23,
            36
        ],
        [
            96,
            44,
            1524,
            236
        ],
        [
            98,
            75,
            214,
            1513
        ]
    ]
}